id,node_id,claim,claim_type,status,confidence,source_ids,code_expression,applicability_scope,limitations,last_reviewed_at,reviewer,notes,tags
CLAIM-RUNTIME-PREDICTIVE-ACTION-LOOP,FEAT-FOREGROUND-RUNTIME,"The AION runtime can be interpreted as an engineered perception-context-planning-action loop inspired by predictive processing and active-inference style cognitive architectures.",architecture_theory,reviewed,medium,SRC-FRISTON-2010-FEP|SRC-CLARK-2013-PREDICTIVE|SRC-BASTOS-2012-MICROCIRCUITS,"event -> perception -> context -> motivation -> role -> planning -> action -> expression -> memory -> reflection","Applies to architecture language, stage separation, and traceability of perception/action loops.","The software is not a biological brain model and does not implement full variational free-energy mathematics or cortical microcircuits.",2026-05-24,Codex,"Seed claim for neuroscience-backed runtime interpretation.",#theory #neuroscience #runtime #predictive_processing
CLAIM-MEMORY-REFLECTION-BASELINE,FEAT-MEMORY-FLOW,"The memory and reflection flow can be described as an engineered background-state update mechanism that preserves prior context for later goal-directed behavior.",architecture_theory,mapped,medium,SRC-RAICHLE-2001-DMN|SRC-FRISTON-2010-FEP|SRC-CLARK-2013-PREDICTIVE,"memory -> reflection -> later context retrieval","Applies to the metaphor and product framing of persistent context, reflection, and future response shaping.","Default-mode and predictive-processing literature support the framing only indirectly; implementation proof still comes from repository tests and behavior evidence.",2026-05-24,Codex,"Seed claim for memory/reflection research mapping.",#theory #neuroscience #memory #reflection
CLAIM-PERCEPTION-ATTENTION-SALIENCE,AGENT-PERCEPTION,"The perception stage can be interpreted as an engineered attention and salience boundary that extracts behaviorally relevant signals before context and planning consume the turn.",architecture_theory,reviewed,medium,SRC-POSNER-PETERSEN-1990-ATTENTION|SRC-CORBETTA-SHULMAN-2002-ATTENTION|SRC-ITTI-KOCH-2001-SALIENCE|SRC-CLARK-2013-PREDICTIVE,"event -> perception -> structured salience and intent schema","Applies to runtime organization, attention-boundary naming, and the separation of perception outputs from downstream planning.","The software uses engineered classifiers and schemas; it does not implement neural attention networks or visual saliency maps.",2026-05-24,Codex,"Expands research support for the perception agent node.",#theory #neuroscience #attention #perception
CLAIM-PLANNING-EXECUTIVE-POLICY,AGENT-PLANNING,"The planning stage can be interpreted as an engineered executive-control and policy-selection boundary that proposes goals or next actions without owning side effects.",architecture_theory,reviewed,medium,SRC-MILLER-COHEN-2001-PFC|SRC-FRISTON-2010-FEP|SRC-CLARK-2013-PREDICTIVE,"role -> planning -> expression -> action boundary","Applies to the architecture separation between planning, expression, and action ownership.","The app does not implement prefrontal cortex function or formal policy optimization; action authority remains a software safety boundary.",2026-05-24,Codex,"Links planning boundary theory to cognitive-control and active-inference framing.",#theory #neuroscience #planning #cognitive_control
CLAIM-MEMORY-REFLECTION-CONSOLIDATION,FEAT-MEMORY-FLOW,"The post-turn reflection flow can be interpreted as an engineered consolidation process that transforms episodic traces into more durable summaries and adaptive state.",architecture_theory,reviewed,medium,SRC-SQUIRE-ALVAREZ-1995-CONSOLIDATION|SRC-FRANKLAND-BONTEMPI-2005-MEMORY|SRC-DIEKELMANN-BORN-2010-SLEEP-MEMORY,"episode write -> reflection trigger -> semantic/adaptive summaries","Applies to the architectural analogy for deferred reflection, summary formation, and later retrieval influence.","The app does not model hippocampal-cortical replay, sleep physiology, or biological consolidation; tests still prove only software behavior.",2026-05-24,Codex,"Adds specific memory-consolidation support beyond the broader baseline-state claim.",#theory #neuroscience #memory #consolidation #reflection
CLAIM-AFFECTIVE-SIGNAL-INTEGRATION,AGENT-AFFECTIVE-ASSESSMENT,"The affective assessment stage can be interpreted as an engineered affective-signal layer that may bias support posture, motivation, planning, and expression without replacing reasoning.",architecture_theory,reviewed,medium,SRC-PESSOA-2008-EMOTION-COGNITION|SRC-DAMASIO-1996-SOMATIC-MARKER|SRC-PANKSEPP-1998-AFFECTIVE,"perception.affective -> affective assessment -> motivation/role/planning/expression inputs","Applies to the architecture decision to keep affective cues explicit, inspectable, and bounded by policy.","The app does not feel emotion and does not implement biological affective systems; affective classification remains software inference with tests and policy gates.",2026-05-24,Codex,"Adds research support for affective assessment as a bounded runtime signal.",#theory #neuroscience #affect #runtime
CLAIM-MOTIVATION-VALUATION-SELECTION,AGENT-MOTIVATION,"The motivation stage can be interpreted as an engineered valuation and action-readiness layer that separates importance, urgency, valence, and response mode before role and planning.",architecture_theory,reviewed,medium,SRC-BERRIDGE-ROBINSON-2003-REWARD|SRC-DAMASIO-1996-SOMATIC-MARKER|SRC-FRISTON-2010-FEP,"context + affective cues + goals -> motivation mode/importance/urgency/valence","Applies to the project framing of motivation as a bounded policy stage for prioritization and response mode selection.","The app does not implement dopamine systems, reward circuitry, or biological motivation; it uses explicit software fields and policies.",2026-05-24,Codex,"Adds research support for motivation as componentized valuation rather than arbitrary emotion.",#theory #neuroscience #motivation #valuation
CLAIM-ROLE-SOCIAL-POSTURE,AGENT-ROLE,"The role-selection stage can be interpreted as an engineered social-posture and perspective-taking boundary that chooses an interaction stance before planning and expression.",architecture_theory,reviewed,medium,SRC-AMODIO-FRITH-2006-SOCIAL|SRC-FRITH-FRITH-2006-MENTALIZING|SRC-ADOLPHS-1999-SOCIAL|SRC-MILLER-COHEN-2001-PFC,"motivation + context + preferences -> selected role + selected skills","Applies to role selection as interaction posture metadata that shapes planning/expression without creating a second persona or granting execution authority.","The app does not possess social cognition or theory of mind; role selection is a constrained software policy and prompt/skill posture.",2026-05-24,Codex,"Adds research support for role selection as social posture and perspective-taking analogy.",#theory #neuroscience #role #social_cognition
CLAIM-CHAT-COGNITIVE-BELT-LOAD-AWARENESS,UI-CHAT-COGNITIVE-BELT,"The Chat cognitive belt can be interpreted as an engineered visual context strip that keeps a small set of salient runtime cues visible while avoiding excessive working-memory and attentional load.",ux_theory,reviewed,medium,SRC-COWAN-2001-WM4|SRC-LUCK-VOGEL-1997-VWM|SRC-LAVIE-2005-LOAD,"runtime cues -> compact cognitive belt -> transcript and composer context","Applies to the UI rationale for compact grouping, secondary visual hierarchy, and limiting always-visible cognitive-status cues near the chat transcript.","Working-memory and load-theory sources support the design rationale indirectly; they do not prove usability, accessibility, route behavior, or that the app models human cognition.",2026-05-24,Codex,"First concrete UX/UI graph-node research claim.",#theory #neuroscience #ux #chat #working_memory #attention
